query_id,method,candidate_id,rank,score
EK01,dense_flat,37683-8_chunk_000684,1,1.00000000
EK01,dense_flat,14504-0_chunk_000170,2,0.50000000
EK01,dense_flat,61786-0_chunk_000167,3,0.33333333
EK01,dense_flat,28058-8_chunk_000032,4,0.25000000
EK01,dense_flat,14504-0_chunk_000016,5,0.20000000
EK01,dense_flat,28058-8_chunk_000069,6,0.16666667
EK01,dense_flat,43283-8_chunk_000085,7,0.14285714
EK01,dense_flat,58529-0_chunk_001243,8,0.12500000
EK01,dense_flat,14504-0_chunk_000069,9,0.11111111
EK01,dense_flat,41983-8_chunk_000275,10,0.10000000
EK01,dense_flat,37683-8_chunk_000449,11,0.09090909
EK01,dense_flat,40928-8_chunk_000420,12,0.08333333
EK01,dense_flat,58529-0_chunk_001245,13,0.07692308
EK01,dense_flat,14504-0_chunk_000122,14,0.07142857
EK01,dense_flat,11541-8_chunk_000028,15,0.06666667
EK01,dense_flat,41586-8_chunk_000065,16,0.06250000
EK01,dense_flat,61557-0_chunk_000093,17,0.05882353
EK01,dense_flat,30472-0_chunk_000173,18,0.05555556
EK01,dense_flat,15191-8_chunk_000764,19,0.05263158
EK01,dense_flat,41586-8_chunk_000024,20,0.05000000
EK02,dense_flat,48124-8_chunk_000047,1,1.00000000
EK02,dense_flat,44186-0_chunk_000091,2,0.50000000
EK02,dense_flat,48124-8_chunk_000164,3,0.33333333
EK02,dense_flat,47583-0_chunk_000076,4,0.25000000
EK02,dense_flat,60733-0_chunk_000013,5,0.20000000
EK02,dense_flat,47816-8_chunk_000073,6,0.16666667
EK02,dense_flat,48124-8_chunk_000037,7,0.14285714
EK02,dense_flat,37669-8_chunk_000157,8,0.12500000
EK02,dense_flat,48124-8_chunk_000109,9,0.11111111
EK02,dense_flat,19968-8_chunk_000247,10,0.10000000
EK02,dense_flat,48124-8_chunk_000032,11,0.09090909
EK02,dense_flat,38645-0_chunk_000027,12,0.08333333
EK02,dense_flat,36121-0_chunk_000266,13,0.07692308
EK02,dense_flat,47816-8_chunk_000013,14,0.07142857
EK02,dense_flat,61398-0_chunk_000316,15,0.06666667
EK02,dense_flat,63217-0_chunk_000098,16,0.06250000
EK02,dense_flat,48124-8_chunk_000049,17,0.05882353
EK02,dense_flat,61398-0_chunk_000493,18,0.05555556
EK02,dense_flat,48124-8_chunk_000050,19,0.05263158
EK02,dense_flat,37669-8_chunk_000134,20,0.05000000
EK03,dense_flat,45331-8_chunk_000158,1,1.00000000
EK03,dense_flat,45231-0_chunk_000196,2,0.50000000
EK03,dense_flat,46684-0_chunk_000024,3,0.33333333
EK03,dense_flat,65121-0_chunk_000008,4,0.25000000
EK03,dense_flat,43639-8_chunk_000005,5,0.20000000
EK03,dense_flat,44336-8_chunk_000134,6,0.16666667
EK03,dense_flat,14097-8_chunk_000064,7,0.14285714
EK03,dense_flat,45762-8_chunk_000115,8,0.12500000
EK03,dense_flat,65310-0_chunk_000213,9,0.11111111
EK03,dense_flat,40035-8_chunk_000004,10,0.10000000
EK03,dense_flat,20117-8_chunk_000612,11,0.09090909
EK03,dense_flat,40035-8_chunk_000005,12,0.08333333
EK03,dense_flat,30724-0_chunk_000234,13,0.07692308
EK03,dense_flat,20131-8_chunk_000156,14,0.07142857
EK03,dense_flat,65276-0_chunk_000084,15,0.06666667
EK03,dense_flat,57754-0_chunk_000023,16,0.06250000
EK03,dense_flat,42853-0_chunk_000016,17,0.05882353
EK03,dense_flat,44501-8_chunk_000038,18,0.05555556
EK03,dense_flat,12330-0_chunk_000038,19,0.05263158
EK03,dense_flat,46877-8_chunk_000276,20,0.05000000
EK04,dense_flat,39343-0_chunk_000357,1,1.00000000
EK04,dense_flat,11697-8_chunk_000080,2,0.50000000
EK04,dense_flat,11697-8_chunk_000096,3,0.33333333
EK04,dense_flat,46694-0_chunk_000067,4,0.25000000
EK04,dense_flat,39343-0_chunk_000318,5,0.20000000
EK04,dense_flat,39343-0_chunk_000110,6,0.16666667
EK04,dense_flat,42569-8_chunk_000089,7,0.14285714
EK04,dense_flat,11697-8_chunk_000412,8,0.12500000
EK04,dense_flat,39343-0_chunk_000087,9,0.11111111
EK04,dense_flat,11697-8_chunk_000266,10,0.10000000
EK04,dense_flat,39343-0_chunk_000076,11,0.09090909
EK04,dense_flat,54479-8_chunk_000006,12,0.08333333
EK04,dense_flat,10149-8_chunk_000275,13,0.07692308
EK04,dense_flat,39343-0_chunk_000188,14,0.07142857
EK04,dense_flat,39343-0_chunk_000105,15,0.06666667
EK04,dense_flat,42569-8_chunk_000031,16,0.06250000
EK04,dense_flat,39343-0_chunk_000234,17,0.05882353
EK04,dense_flat,52324-0_chunk_000003,18,0.05555556
EK04,dense_flat,44535-0_chunk_000111,19,0.05263158
EK04,dense_flat,39343-0_chunk_000084,20,0.05000000
EK05,dense_flat,6111-0_chunk_000095,1,1.00000000
EK05,dense_flat,17613-0_chunk_000131,2,0.50000000
EK05,dense_flat,23299-8_chunk_000088,3,0.33333333
EK05,dense_flat,34462-8_chunk_000106,4,0.25000000
EK05,dense_flat,17613-0_chunk_000098,5,0.20000000
EK05,dense_flat,29588-8_chunk_000065,6,0.16666667
EK05,dense_flat,45573-8_chunk_000182,7,0.14285714
EK05,dense_flat,52972-0_chunk_000046,8,0.12500000
EK05,dense_flat,23299-8_chunk_000087,9,0.11111111
EK05,dense_flat,14753-8_chunk_000131,10,0.10000000
EK05,dense_flat,34674-0_chunk_000177,11,0.09090909
EK05,dense_flat,17613-0_chunk_000180,12,0.08333333
EK05,dense_flat,8924-0_chunk_000107,13,0.07692308
EK05,dense_flat,61812-0_chunk_000213,14,0.07142857
EK05,dense_flat,34240-8_chunk_000293,15,0.06666667
EK05,dense_flat,35552-8_chunk_000059,16,0.06250000
EK05,dense_flat,18093-8_chunk_000027,17,0.05882353
EK05,dense_flat,19857-8_chunk_000085,18,0.05555556
EK05,dense_flat,13154-8_chunk_000150,19,0.05263158
EK05,dense_flat,63098-0_chunk_000041,20,0.05000000
EK06,dense_flat,40175-8_chunk_000106,1,1.00000000
EK06,dense_flat,14009-8_chunk_000015,2,0.50000000
EK06,dense_flat,51500-0_chunk_000047,3,0.33333333
EK06,dense_flat,55817-0_chunk_000019,4,0.25000000
EK06,dense_flat,52921-0_chunk_000219,5,0.20000000
EK06,dense_flat,52921-0_chunk_000133,6,0.16666667
EK06,dense_flat,52921-0_chunk_000143,7,0.14285714
EK06,dense_flat,48575-0_chunk_000054,8,0.12500000
EK06,dense_flat,53709-0_chunk_000057,9,0.11111111
EK06,dense_flat,13640-8_chunk_000006,10,0.10000000
EK06,dense_flat,51500-0_chunk_000045,11,0.09090909
EK06,dense_flat,27667-8_chunk_000059,12,0.08333333
EK06,dense_flat,23319-8_chunk_000005,13,0.07692308
EK06,dense_flat,48575-0_chunk_000055,14,0.07142857
EK06,dense_flat,56353-0_chunk_000046,15,0.06666667
EK06,dense_flat,57054-0_chunk_000090,16,0.06250000
EK06,dense_flat,51500-0_chunk_000049,17,0.05882353
EK06,dense_flat,39373-0_chunk_000143,18,0.05555556
EK06,dense_flat,11827-8_chunk_000185,19,0.05263158
EK06,dense_flat,51500-0_chunk_000048,20,0.05000000
EK07,dense_flat,1667-0_chunk_000025,1,1.00000000
EK07,dense_flat,6491-0_chunk_000042,2,0.50000000
EK07,dense_flat,44303-8_chunk_000204,3,0.33333333
EK07,dense_flat,57649-0_chunk_000002,4,0.25000000
EK07,dense_flat,12422-8_chunk_000014,5,0.20000000
EK07,dense_flat,6491-0_chunk_000222,6,0.16666667
EK07,dense_flat,47646-0_chunk_000098,7,0.14285714
EK07,dense_flat,32280-8_chunk_000027,8,0.12500000
EK07,dense_flat,14024-8_chunk_000001,9,0.11111111
EK07,dense_flat,45737-0_chunk_000017,10,0.10000000
EK07,dense_flat,19549-8_chunk_000169,11,0.09090909
EK07,dense_flat,1667-0_chunk_000004,12,0.08333333
EK07,dense_flat,57700-0_chunk_000115,13,0.07692308
EK07,dense_flat,6491-0_chunk_000140,14,0.07142857
EK07,dense_flat,41664-8_chunk_000010,15,0.06666667
EK07,dense_flat,48260-8_chunk_000070,16,0.06250000
EK07,dense_flat,65620-0_chunk_000116,17,0.05882353
EK07,dense_flat,57649-0_chunk_000000,18,0.05555556
EK07,dense_flat,60369-0_chunk_000060,19,0.05263158
EK07,dense_flat,15380-8_chunk_000003,20,0.05000000
EK08,dense_flat,62375-0_chunk_000011,1,1.00000000
EK08,dense_flat,26410-8_chunk_000000,2,0.50000000
EK08,dense_flat,47248-0_chunk_000192,3,0.33333333
EK08,dense_flat,62375-0_chunk_000133,4,0.25000000
EK08,dense_flat,7281-0_chunk_000545,5,0.20000000
EK08,dense_flat,27602-8_chunk_000046,6,0.16666667
EK08,dense_flat,46128-8_chunk_000023,7,0.14285714
EK08,dense_flat,63923-0_chunk_000069,8,0.12500000
EK08,dense_flat,43612-0_chunk_000061,9,0.11111111
EK08,dense_flat,39343-0_chunk_000217,10,0.10000000
EK08,dense_flat,64321-0_chunk_000066,11,0.09090909
EK08,dense_flat,51932-8_chunk_000094,12,0.08333333
EK08,dense_flat,62950-0_chunk_000122,13,0.07692308
EK08,dense_flat,21087-8_chunk_000066,14,0.07142857
EK08,dense_flat,7281-0_chunk_000223,15,0.06666667
EK08,dense_flat,64252-0_chunk_000115,16,0.06250000
EK08,dense_flat,62344-0_chunk_000054,17,0.05882353
EK08,dense_flat,64252-0_chunk_000071,18,0.05555556
EK08,dense_flat,46128-8_chunk_000035,19,0.05263158
EK08,dense_flat,20054-8_chunk_000013,20,0.05000000
SS01,dense_flat,43598-8_chunk_000229,1,1.00000000
SS01,dense_flat,22135-8_chunk_000023,2,0.50000000
SS01,dense_flat,43598-8_chunk_000310,3,0.33333333
SS01,dense_flat,53792-8_chunk_000096,4,0.25000000
SS01,dense_flat,43598-8_chunk_000110,5,0.20000000
SS01,dense_flat,38194-8_chunk_000484,6,0.16666667
SS01,dense_flat,16331-8_chunk_000003,7,0.14285714
SS01,dense_flat,48592-8_chunk_000019,8,0.12500000
SS01,dense_flat,43598-8_chunk_000315,9,0.11111111
SS01,dense_flat,20861-8_chunk_000054,10,0.10000000
SS01,dense_flat,54507-8_chunk_000203,11,0.09090909
SS01,dense_flat,17017-8_chunk_000192,12,0.08333333
SS01,dense_flat,43598-8_chunk_000132,13,0.07692308
SS01,dense_flat,18980-8_chunk_000013,14,0.07142857
SS01,dense_flat,20861-8_chunk_000064,15,0.06666667
SS01,dense_flat,54507-8_chunk_000014,16,0.06250000
SS01,dense_flat,41716-8_chunk_000324,17,0.05882353
SS01,dense_flat,31313-8_chunk_000006,18,0.05555556
SS01,dense_flat,20861-8_chunk_000053,19,0.05263158
SS01,dense_flat,59933-0_chunk_000173,20,0.05000000
SS02,dense_flat,34944-8_chunk_000075,1,1.00000000
SS02,dense_flat,56134-0_chunk_000111,2,0.50000000
SS02,dense_flat,36851-8_chunk_000139,3,0.33333333
SS02,dense_flat,15851-8_chunk_000089,4,0.25000000
SS02,dense_flat,48720-8_chunk_000210,5,0.20000000
SS02,dense_flat,21625-8_chunk_000012,6,0.16666667
SS02,dense_flat,59467-8_chunk_000059,7,0.14285714
SS02,dense_flat,47597-0_chunk_000235,8,0.12500000
SS02,dense_flat,50618-0_chunk_000079,9,0.11111111
SS02,dense_flat,45343-8_chunk_000005,10,0.10000000
SS02,dense_flat,48720-8_chunk_000208,11,0.09090909
SS02,dense_flat,30938-8_chunk_000012,12,0.08333333
SS02,dense_flat,41513-0_chunk_000153,13,0.07692308
SS02,dense_flat,62989-0_chunk_000081,14,0.07142857
SS02,dense_flat,7170-8_chunk_000032,15,0.06666667
SS02,dense_flat,19015-8_chunk_000002,16,0.06250000
SS02,dense_flat,48475-0_chunk_000076,17,0.05882353
SS02,dense_flat,62989-0_chunk_000103,18,0.05555556
SS02,dense_flat,805-8_chunk_000019,19,0.05263158
SS02,dense_flat,45343-8_chunk_000011,20,0.05000000
SS03,dense_flat,10149-8_chunk_000395,1,1.00000000
SS03,dense_flat,20645-8_chunk_000113,2,0.50000000
SS03,dense_flat,13434-8_chunk_000057,3,0.33333333
SS03,dense_flat,58711-0_chunk_000298,4,0.25000000
SS03,dense_flat,27666-8_chunk_000150,5,0.20000000
SS03,dense_flat,36758-8_chunk_000031,6,0.16666667
SS03,dense_flat,20645-8_chunk_000043,7,0.14285714
SS03,dense_flat,7956-8_chunk_000047,8,0.12500000
SS03,dense_flat,1709-0_chunk_000357,9,0.11111111
SS03,dense_flat,7956-8_chunk_000204,10,0.10000000
SS03,dense_flat,59674-8_chunk_000030,11,0.09090909
SS03,dense_flat,20645-8_chunk_000090,12,0.08333333
SS03,dense_flat,37825-8_chunk_000111,13,0.07692308
SS03,dense_flat,43404-8_chunk_000358,14,0.07142857
SS03,dense_flat,20645-8_chunk_000044,15,0.06666667
SS03,dense_flat,59892-0_chunk_000219,16,0.06250000
SS03,dense_flat,11603-8_chunk_000074,17,0.05882353
SS03,dense_flat,20645-8_chunk_000233,18,0.05555556
SS03,dense_flat,20645-8_chunk_000137,19,0.05263158
SS03,dense_flat,30522-8_chunk_000089,20,0.05000000
SS04,dense_flat,17041-8_chunk_000069,1,1.00000000
SS04,dense_flat,56190-0_chunk_001052,2,0.50000000
SS04,dense_flat,57359-0_chunk_000347,3,0.33333333
SS04,dense_flat,58534-8_chunk_000161,4,0.25000000
SS04,dense_flat,2172-8_chunk_000120,5,0.20000000
SS04,dense_flat,56190-0_chunk_001051,6,0.16666667
SS04,dense_flat,58534-8_chunk_000158,7,0.14285714
SS04,dense_flat,54098-0_chunk_000021,8,0.12500000
SS04,dense_flat,58700-0_chunk_000086,9,0.11111111
SS04,dense_flat,58534-8_chunk_000162,10,0.10000000
SS04,dense_flat,56190-0_chunk_001038,11,0.09090909
SS04,dense_flat,58534-8_chunk_000278,12,0.08333333
SS04,dense_flat,57359-0_chunk_000354,13,0.07692308
SS04,dense_flat,57359-0_chunk_000340,14,0.07142857
SS04,dense_flat,2014-0_chunk_000166,15,0.06666667
SS04,dense_flat,16288-8_chunk_000087,16,0.06250000
SS04,dense_flat,57359-0_chunk_000351,17,0.05882353
SS04,dense_flat,38806-8_chunk_000038,18,0.05555556
SS04,dense_flat,21962-8_chunk_000236,19,0.05263158
SS04,dense_flat,54098-0_chunk_000007,20,0.05000000
SS05,dense_flat,38194-8_chunk_000737,1,1.00000000
SS05,dense_flat,31217-8_chunk_000286,2,0.50000000
SS05,dense_flat,13722-8_chunk_000021,3,0.33333333
SS05,dense_flat,64898-0_chunk_000024,4,0.25000000
SS05,dense_flat,61640-0_chunk_000201,5,0.20000000
SS05,dense_flat,9054-8_chunk_000067,6,0.16666667
SS05,dense_flat,36557-8_chunk_000056,7,0.14285714
SS05,dense_flat,55624-8_chunk_000123,8,0.12500000
SS05,dense_flat,36555-0_chunk_000150,9,0.11111111
SS05,dense_flat,7058-0_chunk_000091,10,0.10000000
SS05,dense_flat,9054-8_chunk_000024,11,0.09090909
SS05,dense_flat,59674-8_chunk_000030,12,0.08333333
SS05,dense_flat,9054-8_chunk_000075,13,0.07692308
SS05,dense_flat,30646-8_chunk_000349,14,0.07142857
SS05,dense_flat,29861-8_chunk_000106,15,0.06666667
SS05,dense_flat,9054-8_chunk_000074,16,0.06250000
SS05,dense_flat,29600-8_chunk_000092,17,0.05882353
SS05,dense_flat,31217-8_chunk_000164,18,0.05555556
SS05,dense_flat,14589-8_chunk_000085,19,0.05263158
SS05,dense_flat,16256-8_chunk_000185,20,0.05000000
SS06,dense_flat,30326-8_chunk_000111,1,1.00000000
SS06,dense_flat,14943-8_chunk_000121,2,0.50000000
SS06,dense_flat,30646-8_chunk_000262,3,0.33333333
SS06,dense_flat,17377-8_chunk_000159,4,0.25000000
SS06,dense_flat,63288-8_chunk_000073,5,0.20000000
SS06,dense_flat,31217-8_chunk_000368,6,0.16666667
SS06,dense_flat,46333-0_chunk_000258,7,0.14285714
SS06,dense_flat,41014-8_chunk_000058,8,0.12500000
SS06,dense_flat,31313-8_chunk_000015,9,0.11111111
SS06,dense_flat,46333-0_chunk_000259,10,0.10000000
SS06,dense_flat,20953-8_chunk_000033,11,0.09090909
SS06,dense_flat,22135-8_chunk_000077,12,0.08333333
SS06,dense_flat,11397-8_chunk_000302,13,0.07692308
SS06,dense_flat,46333-0_chunk_000219,14,0.07142857
SS06,dense_flat,27250-8_chunk_000055,15,0.06666667
SS06,dense_flat,4593-0_chunk_000095,16,0.06250000
SS06,dense_flat,59815-0_chunk_000071,17,0.05882353
SS06,dense_flat,22135-8_chunk_000075,18,0.05555556
SS06,dense_flat,17041-8_chunk_000007,19,0.05263158
SS06,dense_flat,58411-0_chunk_000115,20,0.05000000
SS07,dense_flat,20861-8_chunk_000064,1,1.00000000
SS07,dense_flat,23609-8_chunk_000116,2,0.50000000
SS07,dense_flat,20861-8_chunk_000056,3,0.33333333
SS07,dense_flat,20861-8_chunk_000065,4,0.25000000
SS07,dense_flat,23609-8_chunk_000161,5,0.20000000
SS07,dense_flat,23609-8_chunk_000115,6,0.16666667
SS07,dense_flat,49630-0_chunk_000167,7,0.14285714
SS07,dense_flat,20645-8_chunk_000151,8,0.12500000
SS07,dense_flat,35338-8_chunk_000375,9,0.11111111
SS07,dense_flat,30522-8_chunk_000071,10,0.10000000
SS07,dense_flat,49630-0_chunk_000072,11,0.09090909
SS07,dense_flat,35338-8_chunk_000297,12,0.08333333
SS07,dense_flat,43741-8_chunk_000232,13,0.07692308
SS07,dense_flat,21883-8_chunk_000108,14,0.07142857
SS07,dense_flat,45895-8_chunk_000285,15,0.06666667
SS07,dense_flat,38806-8_chunk_000340,16,0.06250000
SS07,dense_flat,49630-0_chunk_000201,17,0.05882353
SS07,dense_flat,43741-8_chunk_000003,18,0.05555556
SS07,dense_flat,44883-0_chunk_000036,19,0.05263158
SS07,dense_flat,63479-0_chunk_000045,20,0.05000000
SS08,dense_flat,38806-8_chunk_000042,1,1.00000000
SS08,dense_flat,38806-8_chunk_000415,2,0.50000000
SS08,dense_flat,38806-8_chunk_000170,3,0.33333333
SS08,dense_flat,4593-0_chunk_000191,4,0.25000000
SS08,dense_flat,40387-8_chunk_000089,5,0.20000000
SS08,dense_flat,23033-0_chunk_000083,6,0.16666667
SS08,dense_flat,38537-0_chunk_000179,7,0.14285714
SS08,dense_flat,58678-0_chunk_000068,8,0.12500000
SS08,dense_flat,38806-8_chunk_000153,9,0.11111111
SS08,dense_flat,38806-8_chunk_000015,10,0.10000000
SS08,dense_flat,55195-0_chunk_000803,11,0.09090909
SS08,dense_flat,894-8_chunk_000048,12,0.08333333
SS08,dense_flat,46333-0_chunk_000098,13,0.07692308
SS08,dense_flat,54225-0_chunk_000123,14,0.07142857
SS08,dense_flat,11397-8_chunk_000328,15,0.06666667
SS08,dense_flat,38806-8_chunk_000053,16,0.06250000
SS08,dense_flat,42492-8_chunk_000058,17,0.05882353
SS08,dense_flat,58700-0_chunk_000102,18,0.05555556
SS08,dense_flat,58700-0_chunk_000118,19,0.05263158
SS08,dense_flat,43598-8_chunk_000200,20,0.05000000
EM01,dense_flat,45895-8_chunk_000329,1,1.00000000
EM01,dense_flat,45895-8_chunk_000346,2,0.50000000
EM01,dense_flat,20745-8_chunk_000268,3,0.33333333
EM01,dense_flat,60071-0_chunk_000005,4,0.25000000
EM01,dense_flat,47597-0_chunk_000206,5,0.20000000
EM01,dense_flat,53707-0_chunk_000218,6,0.16666667
EM01,dense_flat,9105-8_chunk_000033,7,0.14285714
EM01,dense_flat,65620-0_chunk_000114,8,0.12500000
EM01,dense_flat,33845-8_chunk_000247,9,0.11111111
EM01,dense_flat,36789-8_chunk_000060,10,0.10000000
EM01,dense_flat,20745-8_chunk_000210,11,0.09090909
EM01,dense_flat,20745-8_chunk_000277,12,0.08333333
EM01,dense_flat,11397-8_chunk_000008,13,0.07692308
EM01,dense_flat,36937-8_chunk_000116,14,0.07142857
EM01,dense_flat,34156-8_chunk_000368,15,0.06666667
EM01,dense_flat,56960-8_chunk_000094,16,0.06250000
EM01,dense_flat,4309-0_chunk_000228,17,0.05882353
EM01,dense_flat,14696-8_chunk_000172,18,0.05555556
EM01,dense_flat,30110-8_chunk_000273,19,0.05263158
EM01,dense_flat,31194-8_chunk_000102,20,0.05000000
EM02,dense_flat,38302-8_chunk_000000,1,1.00000000
EM02,dense_flat,38302-8_chunk_000007,2,0.50000000
EM02,dense_flat,10456-8_chunk_000179,3,0.33333333
EM02,dense_flat,38302-8_chunk_000003,4,0.25000000
EM02,dense_flat,16507-8_chunk_000044,5,0.20000000
EM02,dense_flat,43952-8_chunk_000114,6,0.16666667
EM02,dense_flat,50489-8_chunk_000007,7,0.14285714
EM02,dense_flat,12264-8_chunk_000218,8,0.12500000
EM02,dense_flat,38302-8_chunk_000009,9,0.11111111
EM02,dense_flat,38302-8_chunk_000006,10,0.10000000
EM02,dense_flat,38302-8_chunk_000008,11,0.09090909
EM02,dense_flat,38302-8_chunk_000010,12,0.08333333
EM02,dense_flat,34944-8_chunk_000132,13,0.07692308
EM02,dense_flat,7821-0_chunk_000067,14,0.07142857
EM02,dense_flat,36085-8_chunk_000081,15,0.06666667
EM02,dense_flat,38302-8_chunk_000002,16,0.06250000
EM02,dense_flat,43952-8_chunk_000012,17,0.05882353
EM02,dense_flat,63479-0_chunk_000025,18,0.05555556
EM02,dense_flat,37578-8_chunk_000118,19,0.05263158
EM02,dense_flat,60485-0_chunk_000430,20,0.05000000
EM03,dense_flat,14589-8_chunk_000128,1,1.00000000
EM03,dense_flat,11397-8_chunk_000089,2,0.50000000
EM03,dense_flat,43387-0_chunk_000035,3,0.33333333
EM03,dense_flat,54101-0_chunk_000049,4,0.25000000
EM03,dense_flat,50004-8_chunk_000150,5,0.20000000
EM03,dense_flat,62175-0_chunk_000194,6,0.16666667
EM03,dense_flat,46952-0_chunk_000015,7,0.14285714
EM03,dense_flat,20131-8_chunk_000045,8,0.12500000
EM03,dense_flat,20131-8_chunk_000166,9,0.11111111
EM03,dense_flat,62175-0_chunk_000176,10,0.10000000
EM03,dense_flat,3083-0_chunk_000030,11,0.09090909
EM03,dense_flat,15603-8_chunk_000223,12,0.08333333
EM03,dense_flat,28595-8_chunk_000034,13,0.07692308
EM03,dense_flat,19131-8_chunk_000080,14,0.07142857
EM03,dense_flat,36518-8_chunk_000085,15,0.06666667
EM03,dense_flat,62175-0_chunk_000165,16,0.06250000
EM03,dense_flat,62175-0_chunk_000180,17,0.05882353
EM03,dense_flat,8924-0_chunk_000056,18,0.05555556
EM03,dense_flat,39822-0_chunk_000083,19,0.05263158
EM03,dense_flat,13261-8_chunk_000229,20,0.05000000
EM04,dense_flat,34440-8_chunk_000126,1,1.00000000
EM04,dense_flat,12330-0_chunk_000021,2,0.50000000
EM04,dense_flat,19655-8_chunk_000086,3,0.33333333
EM04,dense_flat,65654-0_chunk_000003,4,0.25000000
EM04,dense_flat,13334-8_chunk_000064,5,0.20000000
EM04,dense_flat,48941-8_chunk_000225,6,0.16666667
EM04,dense_flat,28277-8_chunk_000000,7,0.14285714
EM04,dense_flat,35096-8_chunk_000202,8,0.12500000
EM04,dense_flat,65654-0_chunk_000006,9,0.11111111
EM04,dense_flat,32440-8_chunk_000104,10,0.10000000
EM04,dense_flat,51954-0_chunk_000020,11,0.09090909
EM04,dense_flat,61388-0_chunk_000007,12,0.08333333
EM04,dense_flat,55952-0_chunk_000078,13,0.07692308
EM04,dense_flat,11882-0_chunk_000211,14,0.07142857
EM04,dense_flat,21070-8_chunk_000060,15,0.06666667
EM04,dense_flat,48941-8_chunk_000067,16,0.06250000
EM04,dense_flat,42446-0_chunk_000179,17,0.05882353
EM04,dense_flat,24244-8_chunk_000202,18,0.05555556
EM04,dense_flat,29407-8_chunk_000056,19,0.05263158
EM04,dense_flat,21060-8_chunk_000082,20,0.05000000
EM05,dense_flat,23609-8_chunk_000116,1,1.00000000
EM05,dense_flat,12020-8_chunk_000102,2,0.50000000
EM05,dense_flat,53121-0_chunk_000125,3,0.33333333
EM05,dense_flat,23609-8_chunk_000162,4,0.25000000
EM05,dense_flat,10592-8_chunk_000095,5,0.20000000
EM05,dense_flat,20861-8_chunk_000074,6,0.16666667
EM05,dense_flat,60071-0_chunk_000076,7,0.14285714
EM05,dense_flat,53121-0_chunk_000141,8,0.12500000
EM05,dense_flat,60071-0_chunk_000029,9,0.11111111
EM05,dense_flat,18980-8_chunk_000011,10,0.10000000
EM05,dense_flat,9105-8_chunk_000024,11,0.09090909
EM05,dense_flat,39595-8_chunk_000081,12,0.08333333
EM05,dense_flat,20861-8_chunk_000028,13,0.07692308
EM05,dense_flat,60071-0_chunk_000066,14,0.07142857
EM05,dense_flat,66129-0_chunk_000115,15,0.06666667
EM05,dense_flat,20861-8_chunk_000034,16,0.06250000
EM05,dense_flat,57596-0_chunk_000036,17,0.05882353
EM05,dense_flat,9105-8_chunk_000030,18,0.05555556
EM05,dense_flat,12020-8_chunk_000030,19,0.05263158
EM05,dense_flat,8133-8_chunk_000223,20,0.05000000
EM06,dense_flat,30061-8_chunk_000035,1,1.00000000
EM06,dense_flat,1438-0_chunk_000129,2,0.50000000
EM06,dense_flat,1709-0_chunk_000123,3,0.33333333
EM06,dense_flat,10763-8_chunk_000075,4,0.25000000
EM06,dense_flat,7421-0_chunk_000027,5,0.20000000
EM06,dense_flat,41672-8_chunk_000423,6,0.16666667
EM06,dense_flat,33097-8_chunk_000146,7,0.14285714
EM06,dense_flat,7152-8_chunk_000041,8,0.12500000
EM06,dense_flat,7671-0_chunk_000590,9,0.11111111
EM06,dense_flat,66129-0_chunk_000243,10,0.10000000
EM06,dense_flat,42490-8_chunk_000004,11,0.09090909
EM06,dense_flat,30326-8_chunk_000109,12,0.08333333
EM06,dense_flat,53792-8_chunk_000351,13,0.07692308
EM06,dense_flat,18396-0_chunk_000098,14,0.07142857
EM06,dense_flat,8071-8_chunk_000462,15,0.06666667
EM06,dense_flat,23090-0_chunk_000072,16,0.06250000
EM06,dense_flat,10763-8_chunk_000091,17,0.05882353
EM06,dense_flat,45122-8_chunk_000020,18,0.05555556
EM06,dense_flat,53275-0_chunk_000545,19,0.05263158
EM06,dense_flat,63729-0_chunk_000080,20,0.05000000
EM07,dense_flat,20861-8_chunk_000008,1,1.00000000
EM07,dense_flat,20861-8_chunk_000010,2,0.50000000
EM07,dense_flat,20861-8_chunk_000074,3,0.33333333
EM07,dense_flat,20861-8_chunk_000018,4,0.25000000
EM07,dense_flat,20861-8_chunk_000060,5,0.20000000
EM07,dense_flat,20861-8_chunk_000019,6,0.16666667
EM07,dense_flat,53121-0_chunk_000108,7,0.14285714
EM07,dense_flat,9105-8_chunk_000030,8,0.12500000
EM07,dense_flat,20861-8_chunk_000014,9,0.11111111
EM07,dense_flat,20861-8_chunk_000092,10,0.10000000
EM07,dense_flat,20861-8_chunk_000006,11,0.09090909
EM07,dense_flat,43741-8_chunk_000195,12,0.08333333
EM07,dense_flat,20861-8_chunk_000064,13,0.07692308
EM07,dense_flat,20861-8_chunk_000013,14,0.07142857
EM07,dense_flat,20861-8_chunk_000034,15,0.06666667
EM07,dense_flat,20861-8_chunk_000065,16,0.06250000
EM07,dense_flat,20861-8_chunk_000026,17,0.05882353
EM07,dense_flat,20861-8_chunk_000055,18,0.05555556
EM07,dense_flat,20861-8_chunk_000083,19,0.05263158
EM07,dense_flat,20861-8_chunk_000017,20,0.05000000
EM08,dense_flat,9439-0_chunk_000170,1,1.00000000
EM08,dense_flat,4309-0_chunk_000228,2,0.50000000
EM08,dense_flat,40619-8_chunk_000394,3,0.33333333
EM08,dense_flat,17377-8_chunk_000002,4,0.25000000
EM08,dense_flat,51954-0_chunk_000054,5,0.20000000
EM08,dense_flat,49954-0_chunk_000324,6,0.16666667
EM08,dense_flat,53792-8_chunk_000085,7,0.14285714
EM08,dense_flat,40058-8_chunk_000017,8,0.12500000
EM08,dense_flat,60071-0_chunk_000047,9,0.11111111
EM08,dense_flat,50606-0_chunk_000073,10,0.10000000
EM08,dense_flat,8203-0_chunk_000362,11,0.09090909
EM08,dense_flat,23609-8_chunk_000056,12,0.08333333
EM08,dense_flat,8203-0_chunk_000078,13,0.07692308
EM08,dense_flat,4593-0_chunk_000190,14,0.07142857
EM08,dense_flat,30108-8_chunk_000127,15,0.06666667
EM08,dense_flat,62175-0_chunk_000204,16,0.06250000
EM08,dense_flat,15365-8_chunk_000045,17,0.05882353
EM08,dense_flat,60071-0_chunk_000004,18,0.05555556
EM08,dense_flat,44901-0_chunk_000030,19,0.05263158
EM08,dense_flat,40619-8_chunk_000581,20,0.05000000
AT01,dense_flat,41259-0_chunk_000005,1,1.00000000
AT01,dense_flat,47204-8_chunk_000006,2,0.50000000
AT01,dense_flat,47204-8_chunk_000034,3,0.33333333
AT01,dense_flat,44810-8_chunk_000042,4,0.25000000
AT01,dense_flat,47204-8_chunk_000080,5,0.20000000
AT01,dense_flat,26950-8_chunk_000139,6,0.16666667
AT01,dense_flat,47204-8_chunk_000014,7,0.14285714
AT01,dense_flat,41259-0_chunk_000074,8,0.12500000
AT01,dense_flat,41259-0_chunk_000007,9,0.11111111
AT01,dense_flat,47204-8_chunk_000015,10,0.10000000
AT01,dense_flat,41259-0_chunk_000009,11,0.09090909
AT01,dense_flat,27449-8_chunk_000097,12,0.08333333
AT01,dense_flat,65900-0_chunk_000192,13,0.07692308
AT01,dense_flat,10007-0_chunk_000067,14,0.07142857
AT01,dense_flat,41259-0_chunk_000028,15,0.06666667
AT01,dense_flat,26950-8_chunk_000132,16,0.06250000
AT01,dense_flat,26950-8_chunk_000138,17,0.05882353
AT01,dense_flat,41259-0_chunk_000054,18,0.05555556
AT01,dense_flat,47204-8_chunk_000016,19,0.05263158
AT01,dense_flat,41259-0_chunk_000034,20,0.05000000
AT02,dense_flat,60485-0_chunk_000495,1,1.00000000
AT02,dense_flat,61599-8_chunk_000198,2,0.50000000
AT02,dense_flat,65900-0_chunk_000206,3,0.33333333
AT02,dense_flat,60485-0_chunk_000287,4,0.25000000
AT02,dense_flat,60485-0_chunk_000365,5,0.20000000
AT02,dense_flat,60485-0_chunk_000488,6,0.16666667
AT02,dense_flat,60128-0_chunk_000008,7,0.14285714
AT02,dense_flat,45442-8_chunk_000129,8,0.12500000
AT02,dense_flat,60485-0_chunk_000023,9,0.11111111
AT02,dense_flat,60485-0_chunk_000463,10,0.10000000
AT02,dense_flat,32553-8_chunk_000015,11,0.09090909
AT02,dense_flat,53501-8_chunk_000149,12,0.08333333
AT02,dense_flat,8108-8_chunk_000006,13,0.07692308
AT02,dense_flat,61657-8_chunk_000034,14,0.07142857
AT02,dense_flat,53043-0_chunk_000041,15,0.06666667
AT02,dense_flat,59553-8_chunk_000324,16,0.06250000
AT02,dense_flat,60485-0_chunk_000465,17,0.05882353
AT02,dense_flat,61599-8_chunk_000130,18,0.05555556
AT02,dense_flat,32749-8_chunk_000023,19,0.05263158
AT02,dense_flat,51191-0_chunk_000231,20,0.05000000
AT03,dense_flat,61388-0_chunk_000003,1,1.00000000
AT03,dense_flat,33520-8_chunk_000053,2,0.50000000
AT03,dense_flat,44535-0_chunk_000063,3,0.33333333
AT03,dense_flat,11980-8_chunk_000028,4,0.25000000
AT03,dense_flat,61510-0_chunk_000236,5,0.20000000
AT03,dense_flat,14103-8_chunk_000093,6,0.16666667
AT03,dense_flat,21070-8_chunk_000142,7,0.14285714
AT03,dense_flat,40718-0_chunk_000155,8,0.12500000
AT03,dense_flat,8128-0_chunk_000099,9,0.11111111
AT03,dense_flat,9876-8_chunk_000182,10,0.10000000
AT03,dense_flat,6445-8_chunk_000017,11,0.09090909
AT03,dense_flat,11697-8_chunk_000375,12,0.08333333
AT03,dense_flat,55850-0_chunk_000011,13,0.07692308
AT03,dense_flat,62344-0_chunk_000019,14,0.07142857
AT03,dense_flat,51592-0_chunk_000010,15,0.06666667
AT03,dense_flat,6972-0_chunk_000038,16,0.06250000
AT03,dense_flat,13222-8_chunk_000191,17,0.05882353
AT03,dense_flat,11697-8_chunk_000185,18,0.05555556
AT03,dense_flat,6972-0_chunk_000048,19,0.05263158
AT03,dense_flat,8771-8_chunk_000161,20,0.05000000
AT04,dense_flat,33889-8_chunk_000059,1,1.00000000
AT04,dense_flat,32749-8_chunk_000002,2,0.50000000
AT04,dense_flat,11980-8_chunk_000021,3,0.33333333
AT04,dense_flat,29600-8_chunk_000008,4,0.25000000
AT04,dense_flat,47463-0_chunk_000128,5,0.20000000
AT04,dense_flat,56348-0_chunk_000020,6,0.16666667
AT04,dense_flat,37179-8_chunk_000038,7,0.14285714
AT04,dense_flat,61235-0_chunk_000125,8,0.12500000
AT04,dense_flat,27250-8_chunk_000038,9,0.11111111
AT04,dense_flat,47463-0_chunk_000162,10,0.10000000
AT04,dense_flat,7058-0_chunk_000202,11,0.09090909
AT04,dense_flat,47463-0_chunk_000239,12,0.08333333
AT04,dense_flat,57558-0_chunk_000104,13,0.07692308
AT04,dense_flat,14103-8_chunk_000051,14,0.07142857
AT04,dense_flat,4309-0_chunk_000028,15,0.06666667
AT04,dense_flat,33889-8_chunk_000026,16,0.06250000
AT04,dense_flat,14972-8_chunk_000002,17,0.05882353
AT04,dense_flat,27874-8_chunk_000206,18,0.05555556
AT04,dense_flat,65900-0_chunk_000252,19,0.05263158
AT04,dense_flat,27683-8_chunk_000020,20,0.05000000
AT05,dense_flat,40796-0_chunk_000017,1,1.00000000
AT05,dense_flat,40796-0_chunk_000200,2,0.50000000
AT05,dense_flat,55626-0_chunk_000336,3,0.33333333
AT05,dense_flat,31217-8_chunk_000177,4,0.25000000
AT05,dense_flat,47463-0_chunk_000136,5,0.20000000
AT05,dense_flat,58962-0_chunk_000004,6,0.16666667
AT05,dense_flat,9054-8_chunk_000124,7,0.14285714
AT05,dense_flat,30975-8_chunk_000134,8,0.12500000
AT05,dense_flat,6603-8_chunk_000267,9,0.11111111
AT05,dense_flat,61310-0_chunk_000117,10,0.10000000
AT05,dense_flat,47463-0_chunk_000046,11,0.09090909
AT05,dense_flat,58962-0_chunk_000005,12,0.08333333
AT05,dense_flat,48674-8_chunk_000136,13,0.07692308
AT05,dense_flat,46474-0_chunk_000433,14,0.07142857
AT05,dense_flat,53275-0_chunk_000224,15,0.06666667
AT05,dense_flat,47463-0_chunk_000049,16,0.06250000
AT05,dense_flat,10592-8_chunk_000015,17,0.05882353
AT05,dense_flat,55626-0_chunk_000206,18,0.05555556
AT05,dense_flat,24205-8_chunk_000001,19,0.05263158
AT05,dense_flat,65804-0_chunk_000009,20,0.05000000
AT06,dense_flat,32749-8_chunk_000030,1,1.00000000
AT06,dense_flat,40783-8_chunk_000011,2,0.50000000
AT06,dense_flat,40783-8_chunk_000123,3,0.33333333
AT06,dense_flat,40783-8_chunk_000116,4,0.25000000
AT06,dense_flat,40783-8_chunk_000133,5,0.20000000
AT06,dense_flat,40783-8_chunk_000032,6,0.16666667
AT06,dense_flat,32749-8_chunk_000005,7,0.14285714
AT06,dense_flat,35980-0_chunk_000052,8,0.12500000
AT06,dense_flat,40783-8_chunk_000097,9,0.11111111
AT06,dense_flat,32749-8_chunk_000166,10,0.10000000
AT06,dense_flat,40783-8_chunk_000045,11,0.09090909
AT06,dense_flat,6445-8_chunk_000059,12,0.08333333
AT06,dense_flat,57558-0_chunk_000104,13,0.07692308
AT06,dense_flat,40783-8_chunk_000119,14,0.07142857
AT06,dense_flat,60485-0_chunk_000072,15,0.06666667
AT06,dense_flat,40783-8_chunk_000038,16,0.06250000
AT06,dense_flat,36085-8_chunk_000032,17,0.05882353
AT06,dense_flat,27437-8_chunk_000007,18,0.05555556
AT06,dense_flat,40783-8_chunk_000061,19,0.05263158
AT06,dense_flat,32749-8_chunk_000045,20,0.05000000
AT07,dense_flat,33472-8_chunk_000026,1,1.00000000
AT07,dense_flat,33472-8_chunk_000087,2,0.50000000
AT07,dense_flat,35346-8_chunk_000158,3,0.33333333
AT07,dense_flat,51932-8_chunk_000036,4,0.25000000
AT07,dense_flat,33472-8_chunk_000127,5,0.20000000
AT07,dense_flat,12422-8_chunk_000114,6,0.16666667
AT07,dense_flat,37293-8_chunk_000219,7,0.14285714
AT07,dense_flat,65900-0_chunk_000044,8,0.12500000
AT07,dense_flat,55939-0_chunk_000036,9,0.11111111
AT07,dense_flat,41016-8_chunk_000085,10,0.10000000
AT07,dense_flat,57754-0_chunk_000092,11,0.09090909
AT07,dense_flat,66113-0_chunk_000047,12,0.08333333
AT07,dense_flat,34361-8_chunk_000240,13,0.07692308
AT07,dense_flat,6111-0_chunk_000047,14,0.07142857
AT07,dense_flat,66113-0_chunk_000005,15,0.06666667
AT07,dense_flat,34089-8_chunk_000005,16,0.06250000
AT07,dense_flat,33845-8_chunk_000100,17,0.05882353
AT07,dense_flat,10007-0_chunk_000057,18,0.05555556
AT07,dense_flat,48466-8_chunk_000016,19,0.05263158
AT07,dense_flat,44827-8_chunk_000361,20,0.05000000
AT08,dense_flat,57984-0_chunk_000004,1,1.00000000
AT08,dense_flat,57700-0_chunk_000003,2,0.50000000
AT08,dense_flat,57700-0_chunk_000045,3,0.33333333
AT08,dense_flat,23363-0_chunk_000000,4,0.25000000
AT08,dense_flat,35456-8_chunk_000074,5,0.20000000
AT08,dense_flat,57700-0_chunk_000112,6,0.16666667
AT08,dense_flat,57700-0_chunk_000029,7,0.14285714
AT08,dense_flat,55939-0_chunk_000037,8,0.12500000
AT08,dense_flat,63729-0_chunk_000125,9,0.11111111
AT08,dense_flat,58421-0_chunk_000293,10,0.10000000
AT08,dense_flat,805-8_chunk_000202,11,0.09090909
AT08,dense_flat,48124-8_chunk_000101,12,0.08333333
AT08,dense_flat,42944-8_chunk_000087,13,0.07692308
AT08,dense_flat,57700-0_chunk_000030,14,0.07142857
AT08,dense_flat,41983-8_chunk_000535,15,0.06666667
AT08,dense_flat,8869-8_chunk_000068,16,0.06250000
AT08,dense_flat,57700-0_chunk_000072,17,0.05882353
AT08,dense_flat,59760-0_chunk_000173,18,0.05555556
AT08,dense_flat,57700-0_chunk_000095,19,0.05263158
AT08,dense_flat,7814-0_chunk_000092,20,0.05000000
AS01,dense_flat,54225-0_chunk_000606,1,1.00000000
AS01,dense_flat,43487-0_chunk_000204,2,0.50000000
AS01,dense_flat,59892-0_chunk_000043,3,0.33333333
AS01,dense_flat,58534-8_chunk_000154,4,0.25000000
AS01,dense_flat,65587-0_chunk_000077,5,0.20000000
AS01,dense_flat,36492-8_chunk_000086,6,0.16666667
AS01,dense_flat,58534-8_chunk_000076,7,0.14285714
AS01,dense_flat,36492-8_chunk_000146,8,0.12500000
AS01,dense_flat,43487-0_chunk_000125,9,0.11111111
AS01,dense_flat,59553-8_chunk_000682,10,0.10000000
AS01,dense_flat,58534-8_chunk_000077,11,0.09090909
AS01,dense_flat,55158-0_chunk_000118,12,0.08333333
AS01,dense_flat,11807-8_chunk_000130,13,0.07692308
AS01,dense_flat,43487-0_chunk_000008,14,0.07142857
AS01,dense_flat,27789-8_chunk_000076,15,0.06666667
AS01,dense_flat,58534-8_chunk_000033,16,0.06250000
AS01,dense_flat,27789-8_chunk_000073,17,0.05882353
AS01,dense_flat,27602-8_chunk_000154,18,0.05555556
AS01,dense_flat,58534-8_chunk_000088,19,0.05263158
AS01,dense_flat,55568-0_chunk_000076,20,0.05000000
AS02,dense_flat,42490-8_chunk_000125,1,1.00000000
AS02,dense_flat,58711-0_chunk_000259,2,0.50000000
AS02,dense_flat,57963-0_chunk_000127,3,0.33333333
AS02,dense_flat,64147-0_chunk_000051,4,0.25000000
AS02,dense_flat,20131-8_chunk_000161,5,0.20000000
AS02,dense_flat,41784-8_chunk_000048,6,0.16666667
AS02,dense_flat,19104-0_chunk_000252,7,0.14285714
AS02,dense_flat,64664-0_chunk_000072,8,0.12500000
AS02,dense_flat,40146-8_chunk_000083,9,0.11111111
AS02,dense_flat,33716-8_chunk_000011,10,0.10000000
AS02,dense_flat,39040-8_chunk_000011,11,0.09090909
AS02,dense_flat,58711-0_chunk_000219,12,0.08333333
AS02,dense_flat,64147-0_chunk_000038,13,0.07692308
AS02,dense_flat,12839-8_chunk_000142,14,0.07142857
AS02,dense_flat,20519-8_chunk_000080,15,0.06666667
AS02,dense_flat,14250-8_chunk_000013,16,0.06250000
AS02,dense_flat,62175-0_chunk_000172,17,0.05882353
AS02,dense_flat,62000-0_chunk_000041,18,0.05555556
AS02,dense_flat,20519-8_chunk_000114,19,0.05263158
AS02,dense_flat,13334-8_chunk_000106,20,0.05000000
AS03,dense_flat,40510-8_chunk_000005,1,1.00000000
AS03,dense_flat,53707-0_chunk_000210,2,0.50000000
AS03,dense_flat,11128-8_chunk_000126,3,0.33333333
AS03,dense_flat,20117-8_chunk_000074,4,0.25000000
AS03,dense_flat,53707-0_chunk_000218,5,0.20000000
AS03,dense_flat,58711-0_chunk_000117,6,0.16666667
AS03,dense_flat,6603-8_chunk_000353,7,0.14285714
AS03,dense_flat,9845-0_chunk_000386,8,0.12500000
AS03,dense_flat,39005-8_chunk_000106,9,0.11111111
AS03,dense_flat,58711-0_chunk_000219,10,0.10000000
AS03,dense_flat,58711-0_chunk_000045,11,0.09090909
AS03,dense_flat,58711-0_chunk_000178,12,0.08333333
AS03,dense_flat,34629-8_chunk_000062,13,0.07692308
AS03,dense_flat,58711-0_chunk_000169,14,0.07142857
AS03,dense_flat,58711-0_chunk_000168,15,0.06666667
AS03,dense_flat,61040-8_chunk_000067,16,0.06250000
AS03,dense_flat,59760-0_chunk_000079,17,0.05882353
AS03,dense_flat,58534-8_chunk_000027,18,0.05555556
AS03,dense_flat,59760-0_chunk_000058,19,0.05263158
AS03,dense_flat,58711-0_chunk_000259,20,0.05000000
AS04,dense_flat,47747-8_chunk_000012,1,1.00000000
AS04,dense_flat,18607-8_chunk_000333,2,0.50000000
AS04,dense_flat,2537-0_chunk_000079,3,0.33333333
AS04,dense_flat,46630-8_chunk_000287,4,0.25000000
AS04,dense_flat,46630-8_chunk_000288,5,0.20000000
AS04,dense_flat,45419-0_chunk_000007,6,0.16666667
AS04,dense_flat,2665-0_chunk_000140,7,0.14285714
AS04,dense_flat,37233-8_chunk_000329,8,0.12500000
AS04,dense_flat,54291-8_chunk_000028,9,0.11111111
AS04,dense_flat,58534-8_chunk_000162,10,0.10000000
AS04,dense_flat,61807-8_chunk_000018,11,0.09090909
AS04,dense_flat,31417-8_chunk_000073,12,0.08333333
AS04,dense_flat,30623-8_chunk_000386,13,0.07692308
AS04,dense_flat,35110-8_chunk_000079,14,0.07142857
AS04,dense_flat,64898-0_chunk_000180,15,0.06666667
AS04,dense_flat,40387-8_chunk_000049,16,0.06250000
AS04,dense_flat,4243-0_chunk_000007,17,0.05882353
AS04,dense_flat,13561-8_chunk_000196,18,0.05555556
AS04,dense_flat,39040-8_chunk_000062,19,0.05263158
AS04,dense_flat,33716-8_chunk_000061,20,0.05000000
AS05,dense_flat,28674-8_chunk_000101,1,1.00000000
AS05,dense_flat,14031-8_chunk_000231,2,0.50000000
AS05,dense_flat,41770-8_chunk_000071,3,0.33333333
AS05,dense_flat,58700-0_chunk_000129,4,0.25000000
AS05,dense_flat,6603-8_chunk_000034,5,0.20000000
AS05,dense_flat,6603-8_chunk_000650,6,0.16666667
AS05,dense_flat,42647-0_chunk_000444,7,0.14285714
AS05,dense_flat,58711-0_chunk_000065,8,0.12500000
AS05,dense_flat,6603-8_chunk_000652,9,0.11111111
AS05,dense_flat,58534-8_chunk_000022,10,0.10000000
AS05,dense_flat,28674-8_chunk_000047,11,0.09090909
AS05,dense_flat,6603-8_chunk_000210,12,0.08333333
AS05,dense_flat,58711-0_chunk_000159,13,0.07692308
AS05,dense_flat,21918-8_chunk_000011,14,0.07142857
AS05,dense_flat,28674-8_chunk_000239,15,0.06666667
AS05,dense_flat,41770-8_chunk_000085,16,0.06250000
AS05,dense_flat,6603-8_chunk_000653,17,0.05882353
AS05,dense_flat,30108-8_chunk_000009,18,0.05555556
AS05,dense_flat,64147-0_chunk_000019,19,0.05263158
AS05,dense_flat,64147-0_chunk_000184,20,0.05000000
AS06,dense_flat,20645-8_chunk_000090,1,1.00000000
AS06,dense_flat,20645-8_chunk_000113,2,0.50000000
AS06,dense_flat,10149-8_chunk_000395,3,0.33333333
AS06,dense_flat,20645-8_chunk_000044,4,0.25000000
AS06,dense_flat,20645-8_chunk_000043,5,0.20000000
AS06,dense_flat,4667-0_chunk_000093,6,0.16666667
AS06,dense_flat,20645-8_chunk_000247,7,0.14285714
AS06,dense_flat,31217-8_chunk_000274,8,0.12500000
AS06,dense_flat,57799-0_chunk_000002,9,0.11111111
AS06,dense_flat,59674-8_chunk_000030,10,0.10000000
AS06,dense_flat,5962-0_chunk_000009,11,0.09090909
AS06,dense_flat,31217-8_chunk_000043,12,0.08333333
AS06,dense_flat,20645-8_chunk_000094,13,0.07692308
AS06,dense_flat,3292-0_chunk_000470,14,0.07142857
AS06,dense_flat,47997-0_chunk_000026,15,0.06666667
AS06,dense_flat,20645-8_chunk_000075,16,0.06250000
AS06,dense_flat,20645-8_chunk_000115,17,0.05882353
AS06,dense_flat,20645-8_chunk_000045,18,0.05555556
AS06,dense_flat,23090-0_chunk_000076,19,0.05263158
AS06,dense_flat,8393-8_chunk_000108,20,0.05000000
AS07,dense_flat,65654-0_chunk_000245,1,1.00000000
AS07,dense_flat,13334-8_chunk_000056,2,0.50000000
AS07,dense_flat,18113-8_chunk_000402,3,0.33333333
AS07,dense_flat,65654-0_chunk_000166,4,0.25000000
AS07,dense_flat,60969-0_chunk_000038,5,0.20000000
AS07,dense_flat,65654-0_chunk_000257,6,0.16666667
AS07,dense_flat,44965-8_chunk_000044,7,0.14285714
AS07,dense_flat,18989-8_chunk_000076,8,0.12500000
AS07,dense_flat,65369-0_chunk_000016,9,0.11111111
AS07,dense_flat,52974-0_chunk_000086,10,0.10000000
AS07,dense_flat,31338-0_chunk_000151,11,0.09090909
AS07,dense_flat,65654-0_chunk_000006,12,0.08333333
AS07,dense_flat,28571-8_chunk_000082,13,0.07692308
AS07,dense_flat,35096-8_chunk_000194,14,0.07142857
AS07,dense_flat,60969-0_chunk_000007,15,0.06666667
AS07,dense_flat,65654-0_chunk_000219,16,0.06250000
AS07,dense_flat,44437-8_chunk_000202,17,0.05882353
AS07,dense_flat,65369-0_chunk_000040,18,0.05555556
AS07,dense_flat,44965-8_chunk_000151,19,0.05263158
AS07,dense_flat,65654-0_chunk_000261,20,0.05000000
AS08,dense_flat,22135-8_chunk_000023,1,1.00000000
AS08,dense_flat,43598-8_chunk_000315,2,0.50000000
AS08,dense_flat,19104-0_chunk_000391,3,0.33333333
AS08,dense_flat,19104-0_chunk_000337,4,0.25000000
AS08,dense_flat,19104-0_chunk_000278,5,0.20000000
AS08,dense_flat,14477-8_chunk_000189,6,0.16666667
AS08,dense_flat,19104-0_chunk_000333,7,0.14285714
AS08,dense_flat,19104-0_chunk_000338,8,0.12500000
AS08,dense_flat,22131-8_chunk_000277,9,0.11111111
AS08,dense_flat,14477-8_chunk_000372,10,0.10000000
AS08,dense_flat,14477-8_chunk_000131,11,0.09090909
AS08,dense_flat,43598-8_chunk_000020,12,0.08333333
AS08,dense_flat,14477-8_chunk_000264,13,0.07692308
AS08,dense_flat,19104-0_chunk_000241,14,0.07142857
AS08,dense_flat,55328-0_chunk_000191,15,0.06666667
AS08,dense_flat,19104-0_chunk_000251,16,0.06250000
AS08,dense_flat,48592-8_chunk_000019,17,0.05882353
AS08,dense_flat,43598-8_chunk_000155,18,0.05555556
AS08,dense_flat,19104-0_chunk_000007,19,0.05263158
AS08,dense_flat,43598-8_chunk_000173,20,0.05000000
AW01,dense_flat,51442-0_chunk_000060,1,1.00000000
AW01,dense_flat,51442-0_chunk_000171,2,0.50000000
AW01,dense_flat,51442-0_chunk_000237,3,0.33333333
AW01,dense_flat,51442-0_chunk_000127,4,0.25000000
AW01,dense_flat,51442-0_chunk_000056,5,0.20000000
AW01,dense_flat,51442-0_chunk_000239,6,0.16666667
AW01,dense_flat,51442-0_chunk_000063,7,0.14285714
AW01,dense_flat,51442-0_chunk_000059,8,0.12500000
AW01,dense_flat,51086-0_chunk_000121,9,0.11111111
AW01,dense_flat,51442-0_chunk_000131,10,0.10000000
AW01,dense_flat,51442-0_chunk_000209,11,0.09090909
AW01,dense_flat,51442-0_chunk_000245,12,0.08333333
AW01,dense_flat,51442-0_chunk_000234,13,0.07692308
AW01,dense_flat,51442-0_chunk_000246,14,0.07142857
AW01,dense_flat,65159-0_chunk_000073,15,0.06666667
AW01,dense_flat,53121-0_chunk_000104,16,0.06250000
AW01,dense_flat,53792-8_chunk_000090,17,0.05882353
AW01,dense_flat,11847-8_chunk_000119,18,0.05555556
AW01,dense_flat,53430-0_chunk_000187,19,0.05263158
AW01,dense_flat,38020-8_chunk_000164,20,0.05000000
AW02,dense_flat,39040-8_chunk_000000,1,1.00000000
AW02,dense_flat,47243-8_chunk_000146,2,0.50000000
AW02,dense_flat,33716-8_chunk_000000,3,0.33333333
AW02,dense_flat,59190-0_chunk_000184,4,0.25000000
AW02,dense_flat,15086-8_chunk_000019,5,0.20000000
AW02,dense_flat,58668-0_chunk_000166,6,0.16666667
AW02,dense_flat,60692-0_chunk_000588,7,0.14285714
AW02,dense_flat,15851-8_chunk_000017,8,0.12500000
AW02,dense_flat,32122-8_chunk_000109,9,0.11111111
AW02,dense_flat,45231-0_chunk_000244,10,0.10000000
AW02,dense_flat,8435-8_chunk_000077,11,0.09090909
AW02,dense_flat,63389-8_chunk_000107,12,0.08333333
AW02,dense_flat,58750-0_chunk_000429,13,0.07692308
AW02,dense_flat,37394-8_chunk_000081,14,0.07142857
AW02,dense_flat,56134-0_chunk_000023,15,0.06666667
AW02,dense_flat,25068-8_chunk_000030,16,0.06250000
AW02,dense_flat,16256-8_chunk_000024,17,0.05882353
AW02,dense_flat,25068-8_chunk_000016,18,0.05555556
AW02,dense_flat,47243-8_chunk_000156,19,0.05263158
AW02,dense_flat,8124-8_chunk_000315,20,0.05000000
AW03,dense_flat,2665-0_chunk_000208,1,1.00000000
AW03,dense_flat,47970-0_chunk_000016,2,0.50000000
AW03,dense_flat,56960-8_chunk_000163,3,0.33333333
AW03,dense_flat,22961-8_chunk_000303,4,0.25000000
AW03,dense_flat,27523-8_chunk_000078,5,0.20000000
AW03,dense_flat,31217-8_chunk_000167,6,0.16666667
AW03,dense_flat,20519-8_chunk_000069,7,0.14285714
AW03,dense_flat,47970-0_chunk_000009,8,0.12500000
AW03,dense_flat,48475-0_chunk_000090,9,0.11111111
AW03,dense_flat,11949-8_chunk_000327,10,0.10000000
AW03,dense_flat,37179-8_chunk_000053,11,0.09090909
AW03,dense_flat,3649-0_chunk_000086,12,0.08333333
AW03,dense_flat,8203-0_chunk_000137,13,0.07692308
AW03,dense_flat,60307-0_chunk_000013,14,0.07142857
AW03,dense_flat,47970-0_chunk_000013,15,0.06666667
AW03,dense_flat,7956-8_chunk_000047,16,0.06250000
AW03,dense_flat,47970-0_chunk_000033,17,0.05882353
AW03,dense_flat,47471-0_chunk_000114,18,0.05555556
AW03,dense_flat,4920-0_chunk_000022,19,0.05263158
AW03,dense_flat,47970-0_chunk_000006,20,0.05000000
AW04,dense_flat,37179-8_chunk_000036,1,1.00000000
AW04,dense_flat,30704-8_chunk_000288,2,0.50000000
AW04,dense_flat,11980-8_chunk_000126,3,0.33333333
AW04,dense_flat,7430-0_chunk_000036,4,0.25000000
AW04,dense_flat,50491-8_chunk_000332,5,0.20000000
AW04,dense_flat,36085-8_chunk_000090,6,0.16666667
AW04,dense_flat,60485-0_chunk_000275,7,0.14285714
AW04,dense_flat,57884-0_chunk_000267,8,0.12500000
AW04,dense_flat,49314-8_chunk_000014,9,0.11111111
AW04,dense_flat,20057-8_chunk_000060,10,0.10000000
AW04,dense_flat,7430-0_chunk_000115,11,0.09090909
AW04,dense_flat,1378-0_chunk_000003,12,0.08333333
AW04,dense_flat,3649-0_chunk_000188,13,0.07692308
AW04,dense_flat,56348-0_chunk_000069,14,0.07142857
AW04,dense_flat,37179-8_chunk_000010,15,0.06666667
AW04,dense_flat,25586-8_chunk_000053,16,0.06250000
AW04,dense_flat,41375-8_chunk_000042,17,0.05882353
AW04,dense_flat,6445-8_chunk_000071,18,0.05555556
AW04,dense_flat,55012-8_chunk_000120,19,0.05263158
AW04,dense_flat,7430-0_chunk_000088,20,0.05000000
AW05,dense_flat,39293-0_chunk_000151,1,1.00000000
AW05,dense_flat,21962-8_chunk_000234,2,0.50000000
AW05,dense_flat,2665-0_chunk_000028,3,0.33333333
AW05,dense_flat,20343-8_chunk_000189,4,0.25000000
AW05,dense_flat,51442-0_chunk_000178,5,0.20000000
AW05,dense_flat,2665-0_chunk_000027,6,0.16666667
AW05,dense_flat,39293-0_chunk_000150,7,0.14285714
AW05,dense_flat,37683-8_chunk_000817,8,0.12500000
AW05,dense_flat,2537-0_chunk_000083,9,0.11111111
AW05,dense_flat,39005-8_chunk_000186,10,0.10000000
AW05,dense_flat,37683-8_chunk_000795,11,0.09090909
AW05,dense_flat,11945-0_chunk_000120,12,0.08333333
AW05,dense_flat,39293-0_chunk_000004,13,0.07692308
AW05,dense_flat,59050-0_chunk_000132,14,0.07142857
AW05,dense_flat,23609-8_chunk_000061,15,0.06666667
AW05,dense_flat,50810-0_chunk_000080,16,0.06250000
AW05,dense_flat,51442-0_chunk_000022,17,0.05882353
AW05,dense_flat,9054-8_chunk_000170,18,0.05555556
AW05,dense_flat,22358-8_chunk_000018,19,0.05263158
AW05,dense_flat,37683-8_chunk_000740,20,0.05000000
AW06,dense_flat,47238-8_chunk_000024,1,1.00000000
AW06,dense_flat,46383-8_chunk_000051,2,0.50000000
AW06,dense_flat,44535-0_chunk_000093,3,0.33333333
AW06,dense_flat,38477-8_chunk_000095,4,0.25000000
AW06,dense_flat,49840-0_chunk_000032,5,0.20000000
AW06,dense_flat,41286-8_chunk_000250,6,0.16666667
AW06,dense_flat,64815-8_chunk_000014,7,0.14285714
AW06,dense_flat,11397-8_chunk_000089,8,0.12500000
AW06,dense_flat,18616-8_chunk_000032,9,0.11111111
AW06,dense_flat,41210-0_chunk_000299,10,0.10000000
AW06,dense_flat,6993-0_chunk_000044,11,0.09090909
AW06,dense_flat,34552-8_chunk_000062,12,0.08333333
AW06,dense_flat,9107-0_chunk_000340,13,0.07692308
AW06,dense_flat,15722-8_chunk_000063,14,0.07142857
AW06,dense_flat,55546-0_chunk_000166,15,0.06666667
AW06,dense_flat,20519-8_chunk_000145,16,0.06250000
AW06,dense_flat,18616-8_chunk_000070,17,0.05882353
AW06,dense_flat,8885-0_chunk_000282,18,0.05555556
AW06,dense_flat,19131-8_chunk_000080,19,0.05263158
AW06,dense_flat,30646-8_chunk_000189,20,0.05000000
AW07,dense_flat,55546-0_chunk_000003,1,1.00000000
AW07,dense_flat,53792-8_chunk_000346,2,0.50000000
AW07,dense_flat,41941-0_chunk_000112,3,0.33333333
AW07,dense_flat,28237-8_chunk_000012,4,0.25000000
AW07,dense_flat,42933-8_chunk_000271,5,0.20000000
AW07,dense_flat,37233-8_chunk_000363,6,0.16666667
AW07,dense_flat,34125-8_chunk_000018,7,0.14285714
AW07,dense_flat,42933-8_chunk_000278,8,0.12500000
AW07,dense_flat,57359-0_chunk_000233,9,0.11111111
AW07,dense_flat,32037-0_chunk_000092,10,0.10000000
AW07,dense_flat,44883-0_chunk_000064,11,0.09090909
AW07,dense_flat,42933-8_chunk_000321,12,0.08333333
AW07,dense_flat,42933-8_chunk_000270,13,0.07692308
AW07,dense_flat,18835-8_chunk_000104,14,0.07142857
AW07,dense_flat,42933-8_chunk_000260,15,0.06666667
AW07,dense_flat,47113-8_chunk_000228,16,0.06250000
AW07,dense_flat,51555-0_chunk_000422,17,0.05882353
AW07,dense_flat,53792-8_chunk_000311,18,0.05555556
AW07,dense_flat,51086-0_chunk_000279,19,0.05263158
AW07,dense_flat,53791-8_chunk_000264,20,0.05000000
AW08,dense_flat,43887-8_chunk_000071,1,1.00000000
AW08,dense_flat,53791-8_chunk_000158,2,0.50000000
AW08,dense_flat,51442-0_chunk_000127,3,0.33333333
AW08,dense_flat,51442-0_chunk_000224,4,0.25000000
AW08,dense_flat,51442-0_chunk_000126,5,0.20000000
AW08,dense_flat,51442-0_chunk_000135,6,0.16666667
AW08,dense_flat,34462-8_chunk_000086,7,0.14285714
AW08,dense_flat,44883-0_chunk_000151,8,0.12500000
AW08,dense_flat,51442-0_chunk_000129,9,0.11111111
AW08,dense_flat,14275-8_chunk_000218,10,0.10000000
AW08,dense_flat,51442-0_chunk_000130,11,0.09090909
AW08,dense_flat,43887-8_chunk_000036,12,0.08333333
AW08,dense_flat,51442-0_chunk_000225,13,0.07692308
AW08,dense_flat,43887-8_chunk_000044,14,0.07142857
AW08,dense_flat,59050-0_chunk_000121,15,0.06666667
AW08,dense_flat,58411-0_chunk_000094,16,0.06250000
AW08,dense_flat,53791-8_chunk_000157,17,0.05882353
AW08,dense_flat,6605-0_chunk_000152,18,0.05555556
AW08,dense_flat,15365-8_chunk_000042,19,0.05263158
AW08,dense_flat,53989-0_chunk_000040,20,0.05000000
